{
  "n": 500,
  "recall_at_5": 0.972,
  "recall_at_10": 0.988,
  "by_type": {
    "single-session-user": {
      "r5": 0.9571428571428572,
      "r10": 0.9714285714285714,
      "n": 70
    },
    "multi-session": {
      "r5": 0.9699248120300752,
      "r10": 0.9924812030075187,
      "n": 133
    },
    "single-session-preference": {
      "r5": 0.9666666666666667,
      "r10": 0.9666666666666667,
      "n": 30
    },
    "temporal-reasoning": {
      "r5": 0.9699248120300752,
      "r10": 1.0,
      "n": 133
    },
    "knowledge-update": {
      "r5": 1.0,
      "r10": 1.0,
      "n": 78
    },
    "single-session-assistant": {
      "r5": 0.9642857142857143,
      "r10": 0.9642857142857143,
      "n": 56
    }
  }
}